Model,Accuracy,Precision,Recall,F1-Score,ROC-AUC
Logistic Regression,0.6923076923076923,0.7307692307692307,0.6333333333333333,0.6785714285714286,0.7894736842105263
Decision Tree,0.6923076923076923,0.6935483870967742,0.7166666666666667,0.7049180327868853,0.7448830409356725
Random Forest,0.7521367521367521,0.7818181818181819,0.7166666666666667,0.7478260869565218,0.82953216374269
