Feature,Importance
Alkaline_Phosphotase,0.20171331080111776
Total_Bilirubin,0.1641047240256925
Age,0.13316506557247298
Alamine_Aminotransferase,0.1026544947179561
Total_Proteins,0.08024217524475429
Albumin_and_Globulin_Ratio,0.07880728602675788
Albumin,0.07719872049989002
Direct_Bilirubin,0.07663420665133167
Aspartate_Aminotransferase,0.0756795160013567
Gender,0.00980050045867009
